{"cameraMode":{"drawMode":0,"name":"Shaded","section":"Shading Mode"},"sceneLighting":true,"audioPlay":false,"sceneViewState":{"showFog":true,"showMaterialUpdate":false,"showSkybox":true,"showFlares":true,"showImageEffects":true,"showParticleSystems":true},"in2DMode":false,"pivot":{"x":-0.24571704864501954,"y":-0.2931079864501953,"z":3.5397543907165529},"rotation":{"x":0.23131151497364045,"y":0.6890970468521118,"z":-0.24905194342136384,"w":0.6400132179260254},"size":3.678955078125,"orthographic":false}