{"cameraMode":{"drawMode":0,"name":"Shaded","section":"Shading Mode"},"sceneLighting":true,"audioPlay":false,"sceneViewState":{"showFog":true,"showMaterialUpdate":false,"showSkybox":true,"showFlares":true,"showImageEffects":true,"showParticleSystems":true},"in2DMode":false,"pivot":{"x":0.5762312412261963,"y":1.1175131797790528,"z":1.0832688808441163},"rotation":{"x":0.07665238529443741,"y":-0.41256362199783327,"z":0.034867871552705768,"w":0.9070468544960022},"size":1.3505170345306397,"orthographic":false}